<manifest alg="2" build="10" opt="true" iceEnabled="true" iceMarkupVersion="2" exportTarget="other" resolutions="1x" timestamp="1423538966951">
  <folder name="css">
    <file name="site_global.css" crc="468415251"/>
    <file name="master_a-master.css" crc="3920994152" ref="index"/>
    <file name="index.css" crc="290382127" ref="index"/>
    <file name="iefonts_index.css" crc="112353916" ref="index"/>
  </folder>
  <folder name="assets">
    <file name="apple-touch-icon.png" crc="410461032" mt="1385159366000"/>
  </folder>
  <folder name="scripts">
    <file name="jquery-1.8.3.min.js" crc="4164521501" ref="phone>index:phone>map:phone>contact-form:phone>slideshow:index"/>
    <file name="museutils.js" crc="3777594392" ref="phone>index:phone>map:phone>contact-form:phone>slideshow:index"/>
    <file name="jquery.musepolyfill.bgsize.js" crc="4259541792" ref="phone>index:phone>map:phone>contact-form:phone>slideshow:index"/>
    <file name="pie.js" crc="3827607177" ref="phone>index:phone>map:phone>contact-form:index"/>
    <file name="jquery.musemenu.js" crc="415733523" ref="phone>index:phone>map:phone>contact-form:phone>slideshow"/>
    <file name="webpro.js" crc="474087315" ref="phone>index:phone>map:phone>contact-form:phone>slideshow:index"/>
    <file name="musewpdisclosure.js" crc="3952359668" ref="phone>index:phone>map:phone>contact-form:phone>slideshow"/>
    <file name="jquery.watch.js" crc="4144919381" ref="phone>index:phone>map:phone>contact-form:phone>slideshow:index"/>
    <file name="html5shiv.js" crc="4241844378" ref="phone>index:phone>map:phone>contact-form:phone>slideshow:index"/>
    <file name="form_check.php" crc="306825315" ref="phone>contact-form:index"/>
    <file name="form_throttle.php" crc="4293816517" ref="phone>contact-form:index"/>
    <file name="form_process.php" crc="109188895" ref="phone>contact-form:index"/>
    <file name="form-u2990.php" crc="200649051" ref="phone>contact-form"/>
    <file name="musewpslideshow.js" crc="274584885" ref="phone>slideshow:index"/>
    <file name="jquery.museoverlay.js" crc="170414611" ref="phone>slideshow:index"/>
    <file name="touchswipe.js" crc="100683906" ref="phone>slideshow:index"/>
    <file name="museredirect.js" crc="17485671" ref="index"/>
    <file name="form-u1514.php" crc="336875926" ref="index"/>
    <file name="form-u1645.php" crc="437213641" ref="index"/>
  </folder>
  <folder name="images">
    <file name="background.jpg" crc="13726500" ref="phone>index:phone>map:phone>contact-form:phone>slideshow"/>
    <file name="menu-icon.png" crc="3860686542" ref="phone>index"/>
    <file name="feature_shadow.png" crc="289916004" ref="phone>index:phone>map:phone>contact-form:index"/>
    <file name="u3006-17.png" crc="169776118" ref="phone>contact-form"/>
    <file name="u3006-17-r.png" crc="201661168" ref="phone>contact-form"/>
    <file name="u3006-17-m.png" crc="201661168" ref="phone>contact-form"/>
    <file name="u3006-17-fs.png" crc="169776118" ref="phone>contact-form"/>
    <file name="dsc02749.jpg" crc="514144754" ref="phone>slideshow:index"/>
    <file name="blank.gif" crc="4208392903" ref="phone>slideshow:index"/>
    <file name="dsc01737.jpg" crc="499793487" ref="phone>slideshow"/>
    <file name="dsc02750.jpg" crc="4088932013" ref="phone>slideshow"/>
    <file name="dsc02745.jpg" crc="4216731488" ref="phone>slideshow"/>
    <file name="dsc02749172x92.jpg" crc="3964137757" ref="phone>slideshow"/>
    <file name="dsc01737-crop-u3028.jpg" crc="436885018" ref="phone>slideshow"/>
    <file name="dsc02750-crop-u3030.jpg" crc="3761836896" ref="phone>slideshow"/>
    <file name="dsc02745-crop-u3026.jpg" crc="3760739454" ref="phone>slideshow"/>
    <file name="loading.gif" crc="3815509949" ref="phone>slideshow:index"/>
    <file name="a-master-favicon.ico" crc="327687951" ref="index"/>
    <file name="background2.jpg" crc="13726500" ref="index"/>
    <file name="u1521-17.png" crc="288657660" ref="index"/>
    <file name="u1521-17-r.png" crc="3889218810" ref="index"/>
    <file name="u1521-17-m.png" crc="3889218810" ref="index"/>
    <file name="u1521-17-fs.png" crc="288657660" ref="index"/>
    <file name="dsc01737-crop-u1566.jpg" crc="4134680668" ref="index"/>
    <file name="dsc02750-crop-u1568.jpg" crc="3843503812" ref="index"/>
    <file name="dsc02745-crop-u1562.jpg" crc="4254572670" ref="index"/>
    <file name="dsc02770-crop-u1570.jpg" crc="4254993966" ref="index"/>
    <file name="dsc01734.jpg" crc="386336127" ref="index"/>
    <file name="dsc02749111x59.jpg" crc="4272064566" ref="index"/>
    <file name="dsc01737-crop-u1607.jpg" crc="4101377758" ref="index"/>
    <file name="dsc02750-crop-u1611.jpg" crc="4123696530" ref="index"/>
    <file name="dsc02745-crop-u1605.jpg" crc="3965186172" ref="index"/>
    <file name="dsc02770111x59.jpg" crc="393048179" ref="index"/>
    <file name="dsc01734111x59.jpg" crc="490493059" ref="index"/>
    <file name="u1669-17.png" crc="143542456" ref="index"/>
    <file name="u1669-17-r.png" crc="493169154" ref="index"/>
    <file name="u1669-17-m.png" crc="493169154" ref="index"/>
    <file name="u1669-17-fs.png" crc="143542456" ref="index"/>
  </folder>
  <folder name="phone">
    <folder name="css">
      <file name="master_a-master.css" crc="3820244236" ref="phone>map:phone>slideshow:phone>index:phone>contact-form"/>
      <file name="map.css" crc="116487803" ref="phone>map"/>
      <file name="iefonts_map.css" crc="3991197659" ref="phone>map"/>
      <file name="slideshow.css" crc="4069859189" ref="phone>slideshow"/>
      <file name="index.css" crc="28535750" ref="phone>index"/>
      <file name="iefonts_index.css" crc="4195253103" ref="phone>index"/>
      <file name="contact-form.css" crc="4160657064" ref="phone>contact-form"/>
      <file name="iefonts_contact-form.css" crc="3989804227" ref="phone>contact-form"/>
    </folder>
    <file name="index.html" crc="3862583587" mt="1423537810009" redirect="true"/>
    <file name="map.html" crc="4248407390" mt="1423537810012" redirect="true"/>
    <file name="contact-form.html" crc="478951198" mt="1423538960820" redirect="true"/>
    <file name="slideshow.html" crc="4165134101" mt="1423537810016" redirect="true"/>
  </folder>
  <file name="index.html" crc="3827726218" mt="1423538966117" redirect="true"/>
</manifest>